timestamp,cpu_cores,memory_mb,request_rate_rps,error_rate_pct,p95_latency_ms,active_pods,is_anomaly,anomaly_type
2026-10-08T15:29:48.019227+00:00,0.1174,139.72,10.01,0.0,24.03,2,0,normal
2026-10-08T15:57:48.019227+00:00,0.1497,134.42,12.78,0.0,27.76,2,0,normal
2026-10-08T16:26:48.019227+00:00,0.0955,149.18,13.19,0.0,21.66,2,0,normal
2026-10-08T16:55:48.019227+00:00,0.0987,124.26,10.52,0.0,25.51,2,0,normal
2026-10-08T17:24:48.019227+00:00,0.0847,138.23,9.38,0.0,24.81,2,0,normal
2026-10-08T17:53:48.019227+00:00,0.1073,114.65,9.44,0.0,24.72,2,0,normal
2026-10-08T18:21:48.019227+00:00,0.09,109.29,9.59,0.0,22.5,2,0,normal
2026-10-08T18:50:48.019227+00:00,0.0775,148.37,8.69,0.0,25.86,2,0,normal
2026-10-08T19:19:48.019227+00:00,0.065,133.16,10.21,0.0,21.38,2,0,normal
2026-10-08T19:48:48.019227+00:00,0.4434,142.43,17.03,0.61,176.64,2,1,cpu_spike
2026-10-08T20:17:48.019227+00:00,0.4854,118.9,18.05,0.53,176.65,2,1,cpu_spike
2026-10-08T20:45:48.019227+00:00,0.4387,143.14,23.85,1.68,197.33,2,1,cpu_spike
2026-10-08T21:14:48.019227+00:00,0.4341,139.39,12.15,0.93,178.78,2,1,cpu_spike
2026-10-08T21:43:48.019227+00:00,0.4241,143.82,13.91,1.0,171.47,2,1,cpu_spike
2026-10-08T22:12:48.019227+00:00,0.4575,165.16,16.42,1.4,191.96,2,1,cpu_spike
2026-10-08T22:41:48.019227+00:00,0.4557,119.63,15.39,0.04,183.86,2,1,cpu_spike
2026-10-08T23:09:48.019227+00:00,0.4174,156.13,9.84,1.16,207.96,2,1,cpu_spike
2026-10-08T23:38:48.019227+00:00,0.4562,144.72,10.12,1.07,179.93,2,1,cpu_spike
2026-10-09T00:07:48.019227+00:00,0.02,129.57,2.89,0.0,33.13,2,0,normal
2026-10-09T00:36:48.019227+00:00,0.0545,126.38,6.54,0.0,23.48,2,0,normal
2026-10-09T01:05:48.019227+00:00,0.02,122.19,4.18,0.0,25.79,2,0,normal
2026-10-09T01:33:48.019227+00:00,0.0329,117.62,5.52,0.0,20.11,2,0,normal
2026-10-09T02:02:48.019227+00:00,0.0388,129.28,4.36,0.0,28.45,2,0,normal
2026-10-09T02:31:48.019227+00:00,0.0395,134.2,2.31,0.0,29.73,2,0,normal
2026-10-09T03:00:48.019227+00:00,0.0512,129.11,2.21,0.0,22.78,2,0,normal
2026-10-09T03:29:48.019227+00:00,0.0372,136.89,3.61,0.0,22.68,2,0,normal
2026-10-09T03:57:48.019227+00:00,0.0341,129.37,4.93,0.0,20.97,2,0,normal
2026-10-09T04:26:48.019227+00:00,0.0703,140.08,5.6,0.0,27.45,2,0,normal
2026-10-09T04:55:48.019227+00:00,0.078,122.64,7.98,0.0,24.68,2,0,normal
2026-10-09T05:24:48.019227+00:00,0.0545,116.31,6.14,0.0,26.49,2,0,normal
2026-10-09T05:53:48.019227+00:00,0.1266,126.5,7.25,0.0,29.2,2,0,normal
2026-10-09T06:21:48.019227+00:00,0.0553,136.92,8.98,0.0,25.06,2,0,normal
2026-10-09T06:50:48.019227+00:00,0.0925,113.38,8.32,0.0,28.68,2,0,normal
2026-10-09T07:19:48.019227+00:00,0.0835,128.19,11.75,0.0,30.86,2,0,normal
2026-10-09T07:48:48.019227+00:00,0.1554,126.08,7.1,4.3,1115.22,2,1,latency_spike
2026-10-09T08:17:48.019227+00:00,0.1591,124.68,9.86,7.36,1012.18,2,1,latency_spike
2026-10-09T08:45:48.019227+00:00,0.1318,129.91,7.32,5.12,1183.55,2,1,latency_spike
2026-10-09T09:14:48.019227+00:00,0.1279,134.39,8.82,4.91,878.96,2,1,latency_spike
2026-10-09T09:43:48.019227+00:00,0.0862,137.11,7.14,5.87,1213.74,2,1,latency_spike
2026-10-09T10:12:48.019227+00:00,0.145,122.04,8.43,0.63,1083.45,2,1,latency_spike
2026-10-09T10:41:48.019227+00:00,0.0782,135.75,9.87,0.0,9.8,2,0,normal
2026-10-09T11:09:48.019227+00:00,0.1559,132.13,13.42,0.0,20.1,2,0,normal
2026-10-09T11:38:48.019227+00:00,0.0915,131.62,12.34,0.0,24.77,2,0,normal
2026-10-09T12:07:48.019227+00:00,0.1405,140.17,10.9,0.0,19.66,2,0,normal
2026-10-09T12:36:48.019227+00:00,0.1517,126.13,10.14,0.0,23.01,2,0,normal
2026-10-09T13:05:48.019227+00:00,0.1201,132.79,12.92,0.0,19.03,2,0,normal
2026-10-09T13:33:48.019227+00:00,0.1272,117.5,13.44,0.0,24.39,2,0,normal
2026-10-09T14:02:48.019227+00:00,0.1114,122.94,10.68,0.0,20.81,2,0,normal
2026-10-09T14:31:48.019227+00:00,0.1292,118.05,11.5,0.0,30.1,2,0,normal
2026-10-09T15:00:48.019227+00:00,0.4507,151.46,37.25,0.38,89.79,2,1,cpu_spike
